<?xml version="1.0" encoding="UTF-8" standalone="yes"?>
<addon id="script.muplo" name="Muplo" version="1.0.0" provider-name="Regss">
    <requires>
        <import addon="xbmc.python" version="2.14.0" />
        <import addon="script.module.schedule" />
        <import addon="service.muplo" />
        <import addon="skin.confluence_muplo" />
    </requires>
    <extension point="xbmc.python.script" library="default.py" />
    <extension point="xbmc.addon.metadata">
        <summary>Advertising plugin from muplo.com</summary>
        <description>Advertising plugin from muplo.com</description>
        <website>http://muplo.com</website>
        <platform>all</platform>
    </extension>
</addon>